{"means": [25.82230027597592, 7.656104171893469, 3.1412135765742963, 2.9438371384538193, 3.1398666571080174, 1.3999856635962942, 0.5572201713200243, 0.4839611483459374], "stds": [4.9056874489243185, 1.4707073462076152, 1.3814648413275956, 1.3611479552669794, 1.4372694180530003, 1.1270566226320866, 0.49672396279483905, 0.49975164491060287], "coefficients": [-0.5194896316619154, 0.07706852205968999, 1.1629950591970708, -0.31538575105126004, 0.8231666853072953, -0.21440012151427795, 0.038699031564406676, 0.11953919482763196], "intercept": 0.527102115743904}